{
  "metadata": {
    "name": "Fanqie",
    "author": "Ken",
    "version": 2,
    "source": "https://github.com/KenKout",
    "regexp": "api.api-fanqienovel.sunianyun.live/info(.*?)|list.fqapi.jilulu.cn/info(.*?)|fanqienovel.com/page/(\\d+)|fanqienovel.com/info(.*?)",
    "description": "Fanqie",
    "locale": "zh_CN",
    "language": "javascript",
    "type": "chinese_novel"
  },
  "script": {
    "home": "home.js",
    "detail": "detail.js",
    "genre": "genre.js",
    "toc": "toc.js",
    "search": "search.js",
    "chap": "chap.js"
  },
  "config": {
    "thread_num": 1,
    "delay": 10000
  }
}
